{"cameraMode":{"drawMode":0,"name":"Shaded","section":"Shading Mode"},"sceneLighting":false,"audioPlay":false,"sceneViewState":{"m_AlwaysRefresh":false,"showFog":true,"showSkybox":false,"showFlares":true,"showImageEffects":true,"showParticleSystems":true,"showVisualEffectGraphs":true,"m_FxEnabled":true},"in2DMode":false,"pivot":{"x":0.6946629285812378,"y":1.5546165704727173,"z":-1.9009088277816773},"rotation":{"x":0.13843081891536714,"y":0.017825674265623094,"z":-0.002493105595931411,"w":0.9902154207229614},"size":0.8660253882408142,"orthographic":false}