{"cameraMode":{"drawMode":0,"name":"Shaded","section":"Shading Mode"},"sceneLighting":true,"audioPlay":false,"sceneViewState":{"m_AlwaysRefresh":false,"showFog":true,"showSkybox":true,"showFlares":true,"showImageEffects":true,"showParticleSystems":true,"showVisualEffectGraphs":true,"m_FxEnabled":true},"in2DMode":false,"pivot":{"x":6.391176223754883,"y":-9.750882148742676,"z":20.619680404663087},"rotation":{"x":0.17929032444953919,"y":0.19339270889759065,"z":-0.03597114235162735,"w":0.9639305472373962},"size":18.200281143188478,"orthographic":false}