{"cameraMode":{"drawMode":0,"name":"Shaded","section":"Shading Mode"},"sceneLighting":false,"audioPlay":false,"sceneViewState":{"m_AlwaysRefresh":false,"showFog":true,"showSkybox":false,"showFlares":true,"showImageEffects":true,"showParticleSystems":true,"showVisualEffectGraphs":true,"m_FxEnabled":true},"in2DMode":false,"pivot":{"x":0.27418309450149538,"y":0.20091329514980317,"z":-3.5681698322296144},"rotation":{"x":-0.06687834858894348,"y":-0.20562326908111573,"z":0.014086678624153138,"w":-0.9762494564056397},"size":0.8660253882408142,"orthographic":false}