{"cameraMode":{"drawMode":0,"name":"Shaded","section":"Shading Mode"},"sceneLighting":true,"audioPlay":false,"sceneViewState":{"m_AlwaysRefresh":false,"showFog":true,"showSkybox":true,"showFlares":true,"showImageEffects":true,"showParticleSystems":true,"showVisualEffectGraphs":true,"m_FxEnabled":true},"in2DMode":false,"pivot":{"x":23.039783477783204,"y":21.629337310791017,"z":6.1433868408203129},"rotation":{"x":0.27563533186912539,"y":-0.6866819858551025,"z":0.31984207034111025,"w":0.591772735118866},"size":8.543755531311036,"orthographic":false}