{"cameraMode":{"drawMode":0,"name":"Shaded","section":"Shading Mode"},"sceneLighting":false,"audioPlay":false,"sceneViewState":{"m_AlwaysRefresh":false,"showFog":true,"showSkybox":false,"showFlares":true,"showImageEffects":true,"showParticleSystems":true,"showVisualEffectGraphs":true,"m_FxEnabled":true},"in2DMode":false,"pivot":{"x":-0.01622489094734192,"y":1.0677332878112794,"z":0.38496971130371096},"rotation":{"x":-0.1659383475780487,"y":0.311210036277771,"z":-0.055284492671489719,"w":-0.9341074824333191},"size":1.9063193798065186,"orthographic":false}