{"cameraMode":{"drawMode":0,"name":"Shaded","section":"Shading Mode"},"sceneLighting":true,"audioPlay":false,"sceneViewState":{"m_AlwaysRefresh":false,"showFog":true,"showSkybox":true,"showFlares":true,"showImageEffects":true,"showParticleSystems":true,"showVisualEffectGraphs":true,"m_FxEnabled":true},"in2DMode":false,"pivot":{"x":1.094340205192566,"y":1.714115023612976,"z":-0.7300710678100586},"rotation":{"x":0.032834243029356,"y":-0.24774764478206635,"z":0.008402123115956784,"w":0.9682365655899048},"size":1.6775585412979127,"orthographic":false}