{"cameraMode":{"drawMode":0,"name":"Shaded","section":"Shading Mode"},"sceneLighting":true,"audioPlay":false,"sceneViewState":{"m_AlwaysRefresh":false,"showFog":true,"showSkybox":true,"showFlares":true,"showImageEffects":true,"showParticleSystems":true,"showVisualEffectGraphs":true,"m_FxEnabled":true},"in2DMode":false,"pivot":{"x":1.0516932010650635,"y":3.970888376235962,"z":-16.93566131591797},"rotation":{"x":0.06825117021799088,"y":-0.052353743463754657,"z":0.0035905262921005489,"w":0.9962920546531677},"size":1.1389100551605225,"orthographic":false}