{"cameraMode":{"drawMode":0,"name":"Shaded","section":"Shading Mode"},"sceneLighting":true,"audioPlay":false,"sceneViewState":{"m_AlwaysRefresh":false,"showFog":true,"showSkybox":true,"showFlares":true,"showImageEffects":true,"showParticleSystems":true,"showVisualEffectGraphs":true,"m_FxEnabled":true},"in2DMode":false,"pivot":{"x":-0.10590489953756333,"y":0.5748016834259033,"z":0.48499149084091189},"rotation":{"x":0.006010286509990692,"y":-0.98826003074646,"z":0.14723676443099976,"w":0.04034007340669632},"size":0.8660253882408142,"orthographic":false}