{"cameraMode":{"drawMode":0,"name":"Shaded","section":"Shading Mode"},"sceneLighting":false,"audioPlay":false,"sceneViewState":{"m_AlwaysRefresh":false,"showFog":true,"showSkybox":false,"showFlares":true,"showImageEffects":true,"showParticleSystems":true,"showVisualEffectGraphs":true,"m_FxEnabled":true},"in2DMode":false,"pivot":{"x":0.22804997861385346,"y":1.392379879951477,"z":-1.8650689125061036},"rotation":{"x":0.0578477568924427,"y":-0.025454092770814897,"z":0.0014749381225556136,"w":0.9980069398880005},"size":0.8660253882408142,"orthographic":false}