{"cameraMode":{"drawMode":0,"name":"Shaded","section":"Shading Mode"},"sceneLighting":false,"audioPlay":false,"sceneViewState":{"m_AlwaysRefresh":false,"showFog":true,"showSkybox":false,"showFlares":true,"showImageEffects":true,"showParticleSystems":true,"showVisualEffectGraphs":true,"m_FxEnabled":true},"in2DMode":false,"pivot":{"x":0.7542267441749573,"y":1.5755693912506104,"z":-0.44098997116088869},"rotation":{"x":0.042371220886707309,"y":-0.5761865377426148,"z":0.029929237440228463,"w":0.8156788945198059},"size":0.8660253882408142,"orthographic":false}