{"cameraMode":{"drawMode":0,"name":"Shaded","section":"Shading Mode"},"sceneLighting":false,"audioPlay":false,"sceneViewState":{"m_AlwaysRefresh":false,"showFog":true,"showSkybox":false,"showFlares":true,"showImageEffects":true,"showParticleSystems":true,"showVisualEffectGraphs":true,"m_FxEnabled":true},"in2DMode":false,"pivot":{"x":-0.012188412249088288,"y":0.31023478507995608,"z":-0.03847348690032959},"rotation":{"x":0.10121983289718628,"y":0.010445702821016312,"z":-0.0010619228705763817,"w":0.9948136806488037},"size":0.9482557773590088,"orthographic":false}