{"cameraMode":{"drawMode":0,"name":"Shaded","section":"Shading Mode"},"sceneLighting":false,"audioPlay":false,"sceneViewState":{"m_AlwaysRefresh":false,"showFog":true,"showSkybox":false,"showFlares":true,"showImageEffects":true,"showParticleSystems":true,"showVisualEffectGraphs":true,"m_FxEnabled":true},"in2DMode":false,"pivot":{"x":0.1929602324962616,"y":-0.2145523726940155,"z":-0.6024604439735413},"rotation":{"x":-0.1370910257101059,"y":0.13860096037387849,"z":-0.019375914707779886,"w":-0.9806305766105652},"size":1.2524410486221314,"orthographic":false}