{"cameraMode":{"drawMode":0,"name":"Shaded","section":"Shading Mode"},"sceneLighting":false,"audioPlay":false,"sceneViewState":{"m_AlwaysRefresh":false,"showFog":true,"showSkybox":false,"showFlares":true,"showImageEffects":true,"showParticleSystems":true,"showVisualEffectGraphs":true,"m_FxEnabled":true},"in2DMode":false,"pivot":{"x":0.2609546482563019,"y":-0.4108172357082367,"z":1.0700896978378297},"rotation":{"x":-0.08624652773141861,"y":0.03228228911757469,"z":-0.002795633627101779,"w":-0.995754599571228},"size":1.2524410486221314,"orthographic":false}