{"cameraMode":{"drawMode":0,"name":"Shaded","section":"Shading Mode"},"sceneLighting":true,"audioPlay":false,"sceneViewState":{"m_AlwaysRefresh":false,"showFog":true,"showSkybox":true,"showFlares":true,"showImageEffects":true,"showParticleSystems":true,"showVisualEffectGraphs":true,"m_FxEnabled":true},"in2DMode":false,"pivot":{"x":0.06275022029876709,"y":-0.4802321493625641,"z":0.3208937346935272},"rotation":{"x":-0.13862720131874085,"y":0.7032902836799622,"z":-0.14285650849342347,"w":-0.6824817061424255},"size":1.738777756690979,"orthographic":false}