{"cameraMode":{"drawMode":0,"name":"Shaded","section":"Shading Mode"},"sceneLighting":true,"audioPlay":false,"sceneViewState":{"m_AlwaysRefresh":false,"showFog":true,"showSkybox":true,"showFlares":true,"showImageEffects":true,"showParticleSystems":true,"showVisualEffectGraphs":true,"m_FxEnabled":true},"in2DMode":false,"pivot":{"x":12.449247360229493,"y":8.268630027770996,"z":3.414905548095703},"rotation":{"x":0.031441424041986468,"y":-0.930059552192688,"z":0.08196157217025757,"w":0.35677921772003176},"size":0.8660253882408142,"orthographic":false}