{"cameraMode":{"drawMode":0,"name":"Shaded","section":"Shading Mode"},"sceneLighting":true,"audioPlay":false,"sceneViewState":{"m_AlwaysRefresh":false,"showFog":true,"showSkybox":true,"showFlares":true,"showImageEffects":true,"showParticleSystems":true,"showVisualEffectGraphs":true,"m_FxEnabled":true},"in2DMode":false,"pivot":{"x":2.9322335720062258,"y":3.7844343185424806,"z":1.5430538654327393},"rotation":{"x":0.02331312745809555,"y":-0.9749432802200317,"z":-0.12409348040819168,"w":-0.1831606924533844},"size":0.8660253882408142,"orthographic":false}